company_code	fiscal_year	total_assets	capital	total_equity	revenue	operating_income	net_income
C0000581	2024-12-31	948357 	100000 	412939 	10017940 	177331 	175058 
C0000581	2023-12-31	901292 	100000 	237881 	3912333 	39466 	35305 
C0000581	2022-12-31	1093178 	100000 	202576 	5442020 	68757 	61309 
C0000581	2021-12-31	581566 	100000 	141267 	4591711 	41153 	36774 
C0000581	2020-12-31	628810 	100000 	104493 	3174441 	4890 	4493 
C0000613	2023-12-31	482551 	4330 	4330 	2429547 	131306 	109385 
C0000613	2022-12-31	453993 	236 	236 	2736118 	113055 	105735 
C0000613	2021-12-31	401764 	1166 	1166 	1890206 	90595 	81923 
C0000613	2020-12-31	360707 	6221 	6221 	1721389 	73812 	74086 
C0000613	2018-12-31	184000 	119000 	119000 	1234000 	45000 	43000 
C0000614	2023-12-31	344380 	206340 	206340 	2190523 	77839 	74089 
C0000614	2022-12-31	343986 	325328 	325328 	1679701 	52504 	56124 
C0000614	2021-12-31	115786 	115191 	115191 	1291566 	54734 	55964 
C0000614	2020-12-31	63254 	59226 	59226 	778430 	26887 	29623 
C0000614	2019-12-31	59128 	37102 	37102 	929491 	36357 	37102 
C0000606	2022-12-31	430938 	1000 	367233 	1510562 	39155 	46057 
C0000606	2021-12-31	400327 	1000 	321176 	1386469 	16659 	16658 
C0000606	2020-12-31	438180 	1000 	304518 	1140242 	6893 	7450 
C0000606	2019-12-31	469493 	1000 	297068 	1312394 	-35485 	-45303 
C0000606	2018-12-31	523736 	1000 	342371 	1590296 	64673 	67745 
C0000615	2024-12-31	13197765 	100000 	3320033 	48015633 	361061 	39357 
C0000615	2023-12-31	12295226 	100000 	3319676 	47819296 	228691 	-135517 
C0000615	2022-12-31	12743185 	100000 	3455193 	49543140 	-892613 	-982155 
C0000615	2021-12-31	10955493 	100000 	4476348 	50924670 	2219777 	1514335 
C0000615	2020-12-31	8471590 	100000 	3001013 	53254541 	891370 	597893 
C0000590	2024-12-31	4046319 	100000 	1603047 	49724315 	383957 	279149 
C0000590	2023-12-31	2572075 	100000 	1343898 	39369296 	285770 	197476 
C0000590	2022-12-31	3276534 	100000 	1146422 	42719891 	356901 	264745 
C0000590	2021-12-31	1827477 	100000 	881677 	38565220 	284703 	235793 
C0000590	2020-12-31	1301237 	100000 	645884 	28514903 	152762 	127299 
C0000001	2024-12-31	18000588 	100000 	17366042 	102733094 	1087964 	881060 
C0000001	2023-12-31	17752810 	100000 	16784982 	83712227 	2965407 	2411550 
C0000001	2022-12-31	14684698 	100000 	14373432 	77316682 	1209071 	958204 
C0000001	2021-12-31	14879763 	100000 	13415228 	71766615 	5794271 	4543284 
C0000001	2020-12-31	9570541 	100000 	8871944 	63458095 	2892521 	2501817 
C0000122	2018-12-31	1670375 	50000 	171069 	9870812 	32139 	23339 
C0000122	2017-12-31	151865 	50000 	147730 	7375144 	12549 	8873 
C0000527	2024-12-31	172546404 	498000 	75870604 	309481611 	11861776 	2969815 
C0000527	2023-12-31	161510478 	498000 	73718258 	296278317 	19869350 	11463720 
C0000527	2022-12-31	159738939 	498000 	61948143 	270060194 	9726996 	3774221 
C0000527	2021-12-31	97735056 	498000 	63242759 	221225396 	19408468 	15022962 
C0000527	2020-12-31	99638180 	498000 	48197859 	204075984 	2586698 	-306903 
C0000519	2023-12-31	3352559 	200000 	1820196 	9606055 	273056 	146222 
C0000519	2021-12-31	2203831 	200000 	1199745 	9410952 	645853 	592624 
C0000519	2020-12-31	1634663 	200000 	607121 	6916926 	164660 	112746 
C0000519	2019-12-31	1582875 	200000 	494375 	4872915 	133367 	82668 
C0000519	2018-12-31	1422522 	200000 	411707 	6897152 	139981 	121108 
C0000582	2024-12-31	24173353 	3000000 	4948608 	33429448 	903418 	216844 
C0000582	2023-12-31	22793537 	3000000 	4731764 	31715051 	893085 	405966 
C0000582	2022-12-31	23564941 	3000000 	4325798 	32816410 	714348 	366753 
C0000582	2021-12-31	19047864 	3000000 	3959045 	25287561 	785110 	512562 
C0000582	2020-12-31	17343273 	3000000 	3446483 	19437653 	555893 	293765 
C0000584	2024-12-31	87371686 	1095359 	24958508 	131411984 	2962919 	1307541 
C0000584	2023-12-31	93754495 	1095360 	23650967 	117418112 	1672521 	-473388 
C0000584	2022-12-31	91494467 	1095360 	26308382 	97461513 	1061799 	-1853904 
C0000584	2021-12-31	71186845 	1095360 	34643459 	73488741 	152669 	17118983 
C0000584	2020-12-31	61813562 	1095360 	19957688 	65711336 	1753748 	1005094 
C0000607	2024-12-31	1060247 	185345 	251527 	1147140 	51249 	41305 
C0000607	2023-12-31	799944 	185345 	210222 	943618 	38026 	11718 
C0000607	2022-12-31	715277 	185345 	198504 	517532 	20753 	2505 
C0000607	2021-12-31	832309 	185345 	195999 	389578 	11666 	5696 
C0000607	2020-12-31	784314 	185345 	190303 	395878 	7392 	4958 
C0000089	2024-12-31	117156498 	892650 	34567628 	420497080 	1072586 	-892697 
C0000089	2023-12-31	111069103 	892650 	35460325 	419229753 	9953687 	8216125 
C0000089	2022-12-31	93329776 	892650 	27244200 	269529109 	-3899724 	-4901468 
C0000089	2022-03-31	92775641 	500000 	32145669 	367167799 	5224562 	3890901 
C0000089	2021-03-31	63129667 	500000 	28254767 	304526894 	16905310 	13717337 
C0000523	2024-12-31	17413563 	973600 	5950189 	43592202 	1156052 	391578 
C0000523	2023-12-31	15601347 	973600 	4768896 	45369390 	60346 	299275 
C0000523	2022-12-31	14050816 	973600 	4469621 	41032560 	947901 	349789 
C0000523	2021-12-31	12448401 	973600 	3079010 	34393418 	-26238 	-407203 
C0000523	2020-12-31	11093354 	973600 	3486213 	33373624 	584797 	257074 
C0000546	2023-12-31	1226407 	360000 	475853 	1418843 	-486838 	-510793 
C0000546	2022-12-31	1624623 	359999 	986646 	2762510 	-173943 	76535 
C0000546	2021-12-31	1667267 	359999 	910111 	5470089 	752361 	648333 
C0000546	2020-12-31	900840 	359999 	261778 	2807282 	104010 	98428 
C0000546	2019-12-31	663467 	360000 	163350 	1607292 	65705 	51637 
C0000179	2024-12-31	112148 	50000 	49074 	502215 	-588 	-926 
C0000147	2023-12-31	3334876 	779954 	779954 	5604896 	329804 	218935 
C0000147	2022-12-31	3177020 	1007482 	1007482 	4899658 	272554 	192660 
C0000147	2021-12-31	2933680 	774097 	774097 	3805865 	229807 	168793 
C0000147	2020-12-31	1436139 	278388 	278388 	3620295 	198753 	164779 
C0000147	2019-12-31	1540740 	371875 	371875 	4297427 	216896 	171907 
C0000572	2024-12-31	261619 	30000 	95914 	766936 	22804 	19207 
C0000572	2023-12-31	109316 	30000 	76708 	1094204 	50710 	46708 
C0000170	2023-12-31	1768978 	376460 	376460 	5215122 	190939 	115517 
C0000170	2022-12-31	3780038 	1983898 	1983898 	4473504 	169903 	101100 
C0000170	2021-12-31	3852582 	1882798 	1882798 	3351494 	159271 	96004 
C0000170	2020-12-31	3962766 	1798415 	1798415 	2670583 	161262 	90100 
C0000170	2019-12-31	1145560 	833220 	833220 	3657776 	125649 	120904 
C0000173	2024-12-31	22020868 	300000 	8069737 	45604820 	4867541 	3994685 
C0000173	2023-12-31	21828012 	300000 	4102052 	39829584 	3199679 	2722771 
C0000173	2022-12-31	17006423 	300000 	130972 	16643231 	44674 	-300426 
C0000173	2021-12-31	13519622 	300000 	431398 	5733127 	-1905588 	-2183184 
C0000173	2020-12-31	14003960 	300000 	1040650 	4176545 	209001 	3278 
C0000168	2024-12-31	2043802 	50000 	828710 	10977747 	109770 	79413 
C0000168	2023-12-31	1848812 	50000 	749297 	8337601 	113713 	78555 
C0000168	2022-12-31	1761155 	50000 	670742 	7558699 	139000 	89572 
C0000168	2021-12-31	1657242 	50000 	581170 	7910552 	115107 	82752 
C0000168	2020-12-31	1689125 	50000 	498418 	8550679 	96768 	68458 
C0000146	2024-12-31	2353805 	140000 	784846 	9487491 	232037 	183733 
C0000146	2023-12-31	1451187 	140000 	601112 	8459367 	216886 	184698 
C0000146	2022-12-31	1014274 	140000 	416415 	5166737 	151979 	133566 
C0000146	2021-12-31	620707 	140000 	282849 	3966809 	102543 	92292 
C0000146	2020-12-31	1772335 	70000 	120557 	2579114 	56168 	50557 
C0000135	2024-12-31	14736645 	636360 	2848795 	11873644 	561892 	143240 
C0000135	2023-12-31	13880590 	636360 	1910291 	12099506 	648015 	222479 
C0000135	2022-12-31	15369040 	636360 	4396001 	11170561 	548594 	236043 
C0000135	2021-12-31	11956987 	636360 	2267533 	8899029 	684377 	397745 
C0000135	2020-12-31	11984718 	636360 	1869788 	5177675 	145370 	-55123 
C0000178	2024-12-31	2362475 	200000 	554454 	4158000 	220513 	173267 
C0000178	2023-12-31	1693705 	200000 	381187 	2061991 	46898 	146684 
C0000178	2022-12-31	2534122 	200000 	234503 	2418724 	178126 	134959 
C0000178	2021-12-31	2121044 	200000 	99544 	2789476 	-14709 	-141041 
C0000178	2020-12-31	1057305 	200000 	240585 	1322571 	-3249 	4948 
C0000176	2024-12-31	6653051 	200000 	2301141 	4916938 	200157 	96946 
C0000176	2023-12-31	6578815 	200000 	2204195 	4537350 	223484 	89880 
C0000176	2022-12-31	5391685 	200000 	873318 	3992631 	263478 	147969 
C0000176	2021-12-31	5327607 	200000 	725349 	2669563 	147239 	70158 
C0000176	2020-12-31	4977200 	200000 	655192 	1629104 	129040 	80706 
C0000196	2024-12-31	7564002 	600000 	5459755 	62310705 	766236 	247176 
C0000196	2023-12-31	7460650 	600000 	5642579 	43098848 	10140 	188459 
C0000196	2022-12-31	7754823 	600000 	5602920 	32980863 	1764058 	1140327 
C0000196	2021-12-31	5949895 	600000 	4462592 	17918673 	-18457 	123021 
C0000196	2020-12-31	5607910 	600000 	4339571 	17239225 	144444 	71304 
C0000588	2023-12-31	1145596 	180000 	326752 	6078337 	93869 	90859 
C0000588	2022-12-31	647101 	30000 	88799 	3694711 	57483 	58799 
C0000548	2024-12-31	1052856 	250000 	534718 	1765258 	115356 	83571 
C0000548	2023-12-31	1021093 	20000 	221147 	2125069 	156667 	135885 
C0000548	2022-12-31	657329 	20000 	85262 	1648504 	35882 	30617 
C0000548	2021-12-31	570754 	20000 	54645 	1903677 	28777 	25276 
C0000548	2020-12-31	246378 	20000 	29369 	636787 	9715 	9369 
C0000571	2024-12-31	3240972 	270000 	2090768 	13004079 	519427 	404062 
C0000571	2023-12-31	3708008 	270000 	1686706 	13306207 	386505 	296208 
C0000571	2022-12-31	2969404 	130000 	1189587 	14345588 	391428 	311017 
C0000571	2021-12-31	1939197 	130000 	878571 	13902191 	437334 	319482 
C0000571	2020-12-31	1185592 	130000 	559089 	8704364 	288374 	238520 
C0000016	2024-12-31	3985582 	100000 	1586057 	10191867 	111003 	29108 
C0000016	2023-12-31	4303326 	100000 	1556949 	9888734 	40324 	152947 
C0000016	2022-12-31	3915132 	100000 	1404002 	9114757 	112511 	41806 
C0000016	2021-12-31	3957079 	100000 	1362196 	8669364 	75508 	24080 
C0000016	2020-12-31	1374383 	100000 	1338116 	6829580 	69278 	60995 
C0000569	2024-12-31	7338630 	100000 	2387349 	26801342 	683176 	456388 
C0000569	2023-12-31	7719341 	100000 	1969737 	23855822 	1067722 	855886 
C0000569	2022-12-31	2324904 	100000 	1113851 	14219525 	542107 	510303 
C0000569	2021-12-31	1536788 	100000 	634161 	8160052 	208742 	195247 
C0000569	2020-12-31	898636 	10000 	348914 	4441613 	58220 	66253 
C0000570	2024-12-31	11793295 	141919 	4087884 	20484955 	-2658813 	-2885156 
C0000570	2023-12-31	15134632 	141675 	6964940 	10788104 	-1947115 	-2207843 
C0000570	2022-12-31	11455508 	114999 	3259461 	18075976 	856447 	689924 
C0000570	2021-12-31	3172635 	114999 	2569538 	12246268 	66353 	192496 
C0000570	2020-12-31	1143644 	100000 	127192 	1430070 	-23046 	27192 
C0000603	2023-06-30	1276889 	100000 	637545 	8718258 	137107 	91607 
C0000603	2022-06-30	1799061 	100000 	545938 	10872747 	166368 	106379 
C0000603	2021-06-30	1852361 	100000 	439559 	7445832 	86375 	72345 
C0000603	2019-06-30	978763 	100000 	298840 	7178183 	95506 	67190 
C0000603	2018-06-30	797098 	100000 	231650 	7644215 	82812 	69602 
C0000106	2024-06-30	2343585 	50000 	449638 	4556305 	181352 	87970 
C0000106	2023-06-30	1741253 	50000 	361669 	3763700 	154340 	72973 
C0000106	2022-06-30	1610061 	50000 	288696 	1938210 	68637 	50204 
C0000106	2021-06-30	334437 	50000 	238492 	1720594 	27966 	22071 
C0000106	2020-06-30	340466 	50000 	216422 	1482148 	21523 	17855 
C0000181	2024-12-31	1129920 	10000 	503491 	10996691 	341775 	300641 
C0000181	2023-12-31	455985 	10000 	202850 	2263804 	194450 	192850 
C0000601	2024-03-31	683463 	50000 	161915 	4419130 	91100 	71151 
C0000601	2023-03-31	157054 	50000 	90764 	524107 	13103 	10985 
C0000601	2022-12-31	132291 	50000 	79779 	2278242 	27059 	29034 
C0000601	2021-12-31	62434 	50000 	50744 	350818 	1 	744 
C0000040	2024-12-31	2112684 	100000 	617087 	13377703 	117131 	38961 
C0000040	2023-12-31	2034863 	100000 	578126 	11280288 	163692 	107001 
C0000040	2022-12-31	1680212 	100000 	491125 	13057723 	156874 	98786 
C0000040	2021-12-31	965014 	100000 	412340 	12829209 	118357 	99260 
C0000040	2020-12-31	968369 	100000 	326079 	11756205 	106281 	67748 
C0000545	2024-12-31	8061065 	167000 	2026356 	18525814 	525377 	349033 
C0000545	2023-12-31	4515756 	157500 	1013661 	11081635 	244802 	170424 
C0000545	2022-12-31	2756193 	52500 	844273 	8123931 	189252 	103197 
C0000545	2021-12-31	1629295 	52500 	741076 	3183447 	24188 	59290 
C0000545	2020-12-31	464942 	50000 	231785 	831667 	200685 	181785 
C0000159	2024-12-31	1015878 	50000 	16087 	4607899 	-9221 	-9372 
C0000159	2023-12-31	701964 	50000 	25459 	4883315 	53626 	52251 
C0000159	2022-12-31	721570 	50000 	-26792 	4215408 	35687 	34501 
C0000159	2021-12-31	687994 	50000 	-61293 	4903757 	-70103 	-69341 
C0000013	2024-03-31	2481214 	50000 	2218355 	12363127 	103845 	97202 
C0000013	2023-03-31	3437230 	50000 	2141153 	15231899 	145420 	22898 
C0000013	2022-03-31	3740104 	50000 	2138255 	13387329 	200704 	184537 
C0000013	2021-03-31	4627112 	50000 	1953718 	24601143 	444464 	178328 
C0000013	2020-03-31	6594682 	50000 	1775390 	21841612 	491907 	175061 
C0000610	2023-12-31	5682588 	100000 	2157859 	10352608 	339336 	83018 
C0000610	2022-12-31	4646478 	100000 	2074841 	12360660 	101768 	190177 
C0000610	2021-12-31	3175030 	100000 	1884664 	9445444 	241522 	156417 
C0000610	2020-12-31	3263439 	100000 	1728246 	13011492 	344506 	184459 
C0000610	2019-12-31	2981527 	100000 	1543788 	13470540 	196813 	160336 
C0000532	2022-12-31	404707 	10000 	193515 	3223467 	187391 	186840 
C0000532	2021-12-31	203784 	10000 	6675 	527358 	-5456 	-3325 
C0000541	2022-12-31	2480932 	100000 	2152344 	11790238 	324780 	328637 
C0000541	2021-12-31	2280158 	100000 	1843208 	12404782 	65703 	95906 
C0000541	2020-12-31	2124851 	100000 	1747301 	10544522 	213087 	240540 
C0000541	2019-12-31	2140558 	100000 	1525761 	13142730 	308899 	269474 
C0000541	2018-12-31	1802673 	100000 	1256287 	13836850 	529182 	334167 
C0000592	2023-12-31	6925121 	100000 	4189902 	33656221 	593895 	321874 
C0000592	2022-12-31	6457591 	100000 	3868029 	44214078 	714697 	347221 
C0000592	2021-12-31	6260908 	100000 	3520807 	42584051 	1396048 	1280592 
C0000592	2020-12-31	4736615 	100000 	2240215 	27050489 	413241 	265149 
C0000592	2019-12-31	3405303 	100000 	1975066 	25852846 	330834 	220687 
C0000507	2024-12-31	4216022 	300000 	1953979 	7590806 	167015 	170669 
C0000507	2023-12-31	3953839 	300000 	1783310 	6237313 	200967 	71021 
C0000507	2022-12-31	3524272 	300000 	1712288 	4931623 	126352 	80007 
C0000507	2021-12-31	3217532 	300000 	1229635 	4670705 	74136 	24806 
C0000507	2020-12-31	2997659 	300000 	1204829 	6132784 	137974 	113056 
C0000509	2024-12-31	1956055 	100000 	762203 	15934606 	216236 	127481 
C0000509	2023-12-31	1710198 	100000 	634721 	19158400 	180290 	120951 
C0000509	2022-12-31	1246490 	100000 	513770 	20193302 	152925 	110836 
C0000509	2021-12-31	1116390 	100000 	402934 	17474783 	136515 	103977 
C0000509	2020-12-31	734009 	100000 	298957 	14720120 	100592 	74873 
C0000512	2023-12-31	308117 	30000 	94723 	9776178 	41858 	35284 
C0000512	2022-12-31	93934 	30000 	59439 	5820945 	33064 	29439 
C0000513	2024-12-31	21884186 	163350 	5523397 	31865939 	-938166 	-1073234 
C0000513	2023-12-31	18009457 	163350 	6596947 	36722091 	-359124 	-549519 
C0000513	2022-12-31	19800105 	163350 	7162021 	46324156 	1069016 	2289999 
C0000513	2021-12-31	17299909 	163350 	4868165 	29828997 	413988 	160435 
C0000513	2020-12-31	15208198 	163350 	4704619 	15358823 	-713705 	-888982 
C0000516	2024-12-31	3966532 	100000 	1078890 	43706361 	275589 	23299 
C0000516	2023-12-31	4130870 	100000 	1095591 	30217756 	398386 	239549 
C0000516	2022-12-31	3894267 	100000 	896042 	30624080 	618187 	472031 
C0000516	2021-12-31	2565714 	100000 	574012 	19875606 	331406 	268602 
C0000516	2020-12-31	1243455 	100000 	345409 	16220715 	259095 	182246 
C0000518	2023-12-31	2293076 	300000 	741301 	12114197 	113814 	40900 
C0000518	2022-12-31	2471459 	300000 	700401 	13599028 	140573 	40071 
C0000518	2021-12-31	2488793 	300000 	660329 	17224006 	-88943 	-165182 
C0000518	2020-12-31	2648310 	300000 	811079 	17648645 	14249 	31180 
C0000518	2019-12-31	3180534 	300000 	832104 	21285995 	197860 	67026 
C0000002	2024-12-31	2202183 	100000 	941398 	33649585 	237198 	161799 
C0000002	2023-12-31	1899494 	100000 	779599 	36065455 	301590 	230399 
C0000002	2022-12-31	1467992 	100000 	549200 	38142862 	274490 	228160 
C0000002	2021-12-31	885557 	100000 	321040 	21488057 	204311 	173985 
C0000002	2020-12-31	505748 	100000 	147055 	19416816 	65700 	49324 
C0000008	2023-12-31	1161533 	100000 	745412 	3126998 	-468529 	961 
C0000008	2022-12-31	1704648 	100000 	744451 	2800410 	29873 	1634 
C0000008	2021-12-31	1675458 	100000 	742816 	4310259 	27663 	4219 
C0000008	2020-12-31	1758054 	100000 	738597 	5049903 	36306 	7646 
C0000008	2019-12-31	1957000 	100000 	730951 	7121969 	16361 	-205 
C0000009	2024-12-31	30474026 	50000 	26147203 	139786314 	791785 	790796 
C0000009	2023-12-31	30830178 	50000 	25856407 	124170905 	4249794 	3483900 
C0000009	2022-12-31	26693070 	50000 	22372507 	133220219 	3067671 	2657915 
C0000009	2021-12-31	21638350 	50000 	19714592 	101440836 	9381471 	7411084 
C0000009	2020-12-31	14140464 	50000 	13303508 	78800481 	4317352 	3400268 
C0000015	2024-12-31	6439684 	100000 	1914105 	18646592 	279308 	197907 
C0000015	2023-12-31	6026770 	100000 	1784252 	26211591 	278435 	207552 
C0000015	2022-12-31	5850815 	100000 	1644755 	25747321 	242019 	186929 
C0000015	2021-12-31	3942208 	100000 	1525879 	25819955 	233633 	241236 
C0000015	2020-12-31	2905665 	100000 	1304643 	21102452 	215934 	176389 
C0000018	2023-12-31	1769506 	150000 	1460742 	18134590 	137481 	116577 
C0000018	2022-12-31	1575104 	150000 	1350329 	18105216 	132166 	121961 
C0000018	2021-12-31	1574853 	150000 	1228367 	15616753 	-133323 	-157424 
C0000018	2020-12-31	1697573 	150000 	1385791 	14162157 	121273 	86519 
C0000018	2019-12-31	1696638 	150000 	1299271 	13796131 	211463 	151137 
C0000036	2024-12-31	1369196 	40000 	1073647 	22835621 	199519 	165854 
C0000036	2023-12-31	1938529 	40000 	907793 	17503471 	233657 	172302 
C0000036	2022-12-31	2031418 	40000 	735492 	19777366 	220244 	190000 
C0000036	2021-12-31	1713938 	40000 	545492 	16543059 	93287 	75109 
C0000036	2020-12-31	794568 	40000 	470383 	10700220 	116344 	109333 
C0000038	2024-12-31	6967409 	180000 	4857252 	31730459 	515405 	455568 
C0000038	2023-12-31	5816078 	180000 	4401683 	29975794 	511525 	433749 
C0000038	2022-12-31	6831941 	180000 	3967935 	29546477 	615895 	508226 
C0000038	2021-12-31	7646975 	180000 	3485499 	29856993 	629852 	531210 
C0000038	2020-12-31	7025872 	200000 	3654365 	25023214 	517754 	453774 
C0000039	2024-12-31	2604937 	160000 	1967090 	19982261 	417911 	343750 
C0000039	2023-12-31	2007167 	160000 	1623340 	17700873 	371770 	304395 
C0000039	2022-12-31	1993482 	160000 	1318945 	18672748 	390680 	317521 
C0000039	2021-12-31	1655633 	160000 	1031424 	16673223 	321611 	298934 
C0000039	2020-12-31	1017923 	160000 	772490 	12629300 	233945 	210503 
C0000043	2024-12-31	7171092 	230000 	2221147 	12806349 	345191 	230588 
C0000043	2023-12-31	6714534 	230000 	1990559 	17358068 	455580 	302643 
C0000043	2022-12-31	5560387 	230000 	1687915 	18630068 	330093 	184343 
C0000043	2021-12-31	4262160 	230000 	1503572 	15939202 	456118 	345399 
C0000043	2020-12-31	1956942 	230000 	1158173 	14368061 	663130 	524338 
C0000046	2022-12-31	4396795 	200000 	2574261 	14081257 	478413 	322497 
C0000046	2021-12-31	4146841 	200000 	2296962 	20711569 	633818 	480651 
C0000046	2020-12-31	4000595 	200000 	1861507 	16915994 	818370 	496557 
C0000046	2019-12-31	4703999 	200000 	1364950 	14500887 	367954 	232074 
C0000046	2018-12-31	3553277 	200000 	1132876 	13939359 	331333 	239400 
C0000048	2024-12-31	8838631 	300000 	3073509 	20566724 	427071 	100851 
C0000048	2023-12-31	8981532 	300000 	2972658 	19139912 	715342 	370966 
C0000048	2022-12-31	8757820 	300000 	2650495 	17080569 	522363 	342370 
C0000048	2021-12-31	7945222 	300000 	2308125 	13422418 	347748 	212094 
C0000048	2020-12-31	6017730 	300000 	1637181 	10930121 	290027 	161603 
C0000050	2024-12-31	4010450 	100000 	1985504 	67021138 	452804 	314379 
C0000050	2023-12-31	3190830 	100000 	1671124 	55257774 	301436 	284977 
C0000050	2022-12-31	2078979 	100000 	1386147 	44132671 	308318 	237018 
C0000050	2021-12-31	1536368 	100000 	1149129 	28419837 	262463 	219299 
C0000050	2020-12-31	1164662 	100000 	949830 	21754558 	254933 	217112 
C0000056	2024-12-31	5194503 	100000 	2343339 	54086599 	358371 	134781 
C0000056	2023-12-31	8642062 	50000 	2208558 	63177567 	1101929 	732431 
C0000056	2022-12-31	8225034 	50000 	1476127 	56673846 	219262 	156067 
C0000056	2021-12-31	2720550 	50000 	1320060 	41247760 	594740 	524562 
C0000056	2020-12-31	1979099 	50000 	795497 	32004381 	242579 	171004 
C0000059	2024-12-31	3835434 	300000 	630293 	41036278 	422189 	319351 
C0000059	2023-12-31	596422 	50000 	60941 	1973975 	15441 	10941 
C0000085	2024-12-31	2127839 	50000 	586333 	18323761 	222545 	170204 
C0000085	2023-12-31	1137713 	50000 	435129 	14109150 	156267 	131324 
C0000085	2022-12-31	442178 	50000 	303804 	15695921 	193853 	168590 
C0000085	2021-12-31	114362 	10000 	95214 	6740333 	94815 	85214 
C0000099	2024-12-31	5970952 	400000 	2638012 	27845420 	469802 	254473 
C0000099	2023-12-31	5349490 	400000 	2403539 	21864051 	373342 	265726 
C0000099	2022-12-31	4051585 	400000 	2157814 	23253265 	381346 	281163 
C0000099	2021-12-31	4130832 	400000 	1896651 	23436716 	403998 	293591 
C0000099	2020-12-31	3304659 	400000 	1623060 	18705836 	349418 	230513 
C0000515	2024-12-31	41021700 	300000 	37593394 	75334625 	2045507 	2359473 
C0000515	2023-12-31	42421806 	300000 	35233921 	137729699 	12342607 	10110773 
C0000515	2022-12-31	34971643 	300000 	25123148 	127609863 	2879732 	2638499 
C0000515	2021-12-31	26589680 	300000 	22484650 	105542595 	13317301 	10493722 
C0000515	2020-12-31	17559072 	300000 	11990927 	59153724 	4681956 	3612651 
C0000109	2024-12-31	5689204 	100000 	1663465 	55106404 	268022 	63698 
C0000109	2023-12-31	5273905 	100000 	1599767 	67388640 	207673 	23801 
C0000109	2022-12-31	4536516 	100000 	1575966 	81760234 	339849 	78963 
C0000109	2021-12-31	3361787 	100000 	1497003 	79561685 	687901 	554957 
C0000109	2020-12-31	2999513 	100000 	942046 	46557221 	388568 	306075 
C0000110	2023-12-31	1841333 	200000 	232044 	16808334 	-290963 	-331351 
C0000110	2022-12-31	1844487 	200000 	563395 	14049977 	123275 	89447 
C0000110	2021-12-31	1426205 	200000 	473948 	13647316 	204055 	183183 
C0000110	2020-12-31	1043391 	200000 	290765 	12943955 	4863 	5274 
C0000110	2019-12-31	726961 	100000 	185491 	10181610 	92935 	85491 
C0000116	2024-12-31	7550695 	450000 	3720600 	21955115 	442568 	198177 
C0000116	2023-12-31	8175198 	450000 	3522422 	24226064 	369710 	183342 
C0000116	2022-12-31	7702890 	450000 	3339081 	20298354 	691213 	290006 
C0000116	2021-12-31	7263217 	450000 	3049075 	22892044 	726317 	444282 
C0000116	2020-12-31	6849648 	450000 	2604793 	14866313 	530655 	278682 
C0000129	2024-12-31	1168696 	200000 	575261 	18090094 	165191 	138734 
C0000129	2023-12-31	953965 	200000 	436527 	17441763 	245544 	210854 
C0000129	2022-12-31	480798 	100000 	125672 	3927472 	30910 	25672 
C0000132	2024-12-31	1394846 	100000 	669546 	49854983 	290918 	240500 
C0000132	2023-12-31	979716 	100000 	429046 	48984729 	364330 	329046 
C0000133	2021-12-31	574741 	200000 	459821 	584115 	-142089 	-117214 
C0000133	2020-12-31	672289 	200000 	577035 	471847 	-68007 	-22922 
C0000133	2019-12-31	712133 	200000 	599957 	668222 	-26603 	-7431 
C0000133	2018-12-31	739697 	200000 	607388 	807475 	-6431 	-4996 
C0000133	2017-12-31	754678 	200000 	612384 	931900 	-14624 	-72856 
C0000134	2023-12-31	503832 	30000 	122940 	11353688 	90257 	81707 
C0000134	2022-12-31	444218 	30000 	41234 	964297 	11225 	11234 
C0000136	2024-12-31	2120427 	990000 	821694 	12780662 	-177530 	-107886 
C0000136	2023-12-31	3732827 	990000 	929580 	19853161 	-16040 	10014 
C0000136	2022-12-31	1869594 	990000 	919566 	18200242 	16930 	107446 
C0000136	2021-12-31	2357574 	990000 	812120 	4142104 	-172948 	-172945 
C0000139	2024-12-31	7535830 	500000 	3726397 	13611335 	295182 	202352 
C0000139	2023-12-31	8056861 	500000 	3524045 	13990142 	328033 	219382 
C0000139	2022-12-31	8462233 	500000 	3304663 	15490641 	409380 	359742 
C0000139	2021-12-31	8641121 	500000 	2944921 	13824751 	83599 	31266 
C0000139	2020-12-31	8741014 	500000 	2913655 	11994148 	730394 	602490 
C0000141	2024-12-31	8232442 	200000 	1718002 	19977293 	522396 	324329 
C0000141	2023-12-31	7992043 	200000 	1393673 	20395475 	453770 	212694 
C0000141	2022-12-31	6839778 	200000 	1180979 	21860489 	176895 	706771 
C0000141	2021-12-31	7311740 	200000 	474208 	18793088 	1778186 	-977698 
C0000141	2020-12-31	6930277 	200000 	1451906 	14331805 	220050 	170768 
C0000143	2024-12-31	17116376 	650000 	14467796 	40450086 	2800088 	2264038 
C0000143	2023-12-31	15842289 	650000 	12353757 	37710017 	2729060 	2141629 
C0000143	2022-12-31	15064527 	650000 	10362128 	33595327 	2128229 	1831365 
C0000143	2021-12-31	12925222 	650000 	8680763 	23835072 	708418 	753130 
C0000143	2020-12-31	11624099 	650000 	8510841 	21033833 	899252 	762360 
C0000145	2017-12-31	1289000 	828000 	828000 	3233000 	111000 	103000 
C0000145	2016-12-31	759000 	392000 	392000 	2946000 	96000 	91000 
C0000145	2015-12-31	911000 	729000 	729000 	1687000 	58000 	53000 
C0000149	2023-12-31	1231252 	50000 	257451 	4853105 	133777 	116914 
C0000149	2022-12-31	414747 	50000 	140537 	3408092 	98720 	90537 
C0000150	2023-12-31	181741 	65376 	65376 	181624 	19931 	19931 
C0000154	2024-12-31	511149 	80000 	169748 	7320376 	30564 	18132 
C0000154	2023-12-31	576759 	80000 	151616 	5952608 	26562 	13887 
C0000154	2022-12-31	324474 	80000 	137729 	7670932 	25050 	19326 
C0000154	2021-12-31	123889 	80000 	118403 	8427798 	42006 	37450 
C0000154	2020-12-31	89340 	80000 	80953 	1213250 	1053 	953 
C0000155	2022-12-31	625814 	221664 	221664 	4504504 	128987 	117855 
C0000155	2021-12-31	546123 	161628 	161628 	4058991 	101335 	93873 
C0000155	2020-12-31	827241 	278349 	278349 	3623994 	90408 	88047 
C0000160	2023-12-31	458356 	100000 	140475 	4245503 	49913 	40475 
C0000167	2024-12-31	9614096 	850000 	3938752 	31623193 	1122802 	659709 
C0000167	2023-12-31	8356261 	850000 	3279043 	28795316 	743539 	599023 
C0000167	2022-12-31	6590954 	850000 	2680020 	30688453 	740616 	565589 
C0000167	2021-12-31	6270674 	850000 	2114431 	21719330 	452095 	340117 
C0000167	2020-12-31	5492612 	650000 	1732105 	16290556 	564687 	478716 
C0000172	2024-12-31	22847524 	1750000 	12471419 	24313828 	531783 	121514 
C0000172	2023-12-31	23145831 	1750000 	12349905 	28712004 	2860600 	2196164 
C0000172	2022-12-31	22133628 	1750000 	10153741 	28602846 	2192984 	1523221 
C0000172	2021-12-31	21426942 	1750000 	6545962 	31764529 	1694925 	843738 
C0000172	2020-12-31	21333125 	1750000 	6151567 	29336879 	3127739 	1710340 
C0000175	2024-12-31	3875710 	200000 	1767350 	6917327 	264983 	196875 
C0000175	2023-12-31	3863472 	200000 	1570476 	8107281 	306444 	230984 
C0000175	2022-12-31	3483437 	200000 	1339491 	5557521 	349331 	292035 
C0000175	2021-12-31	3151437 	200000 	1047456 	3512073 	87504 	41879 
C0000175	2020-12-31	2467017 	200000 	1005577 	3817630 	65797 	40795 
C0000184	2023-12-31	1314734 	10000 	211914 	12412295 	84699 	52113 
C0000184	2022-12-31	1184307 	10000 	159800 	10510763 	75203 	52671 
C0000184	2021-12-31	1188275 	10000 	107739 	7825004 	118160 	96180 
C0000184	2020-12-31	805337 	10000 	13592 	5384831 	-46640 	-56393 
C0000184	2019-12-31	638553 	10000 	92311 	5487367 	78505 	64979 
C0000198	2024-12-31	3063364 	290000 	1142766 	5964650 	118579 	24683 
C0000198	2023-12-31	2419830 	290000 	1118083 	6007991 	166578 	20342 
C0000198	2022-12-31	2501153 	290000 	1097741 	4052477 	121097 	28953 
C0000198	2021-12-31	2469854 	290000 	1090703 	5390649 	117116 	34907 
C0000198	2020-12-31	2637530 	290000 	1055796 	4627279 	53416 	20138 
C0000199	2023-12-31	143099 	10000 	108764 	13946272 	105950 	97565 
C0000199	2022-12-31	566963 	10000 	11200 	2381582 	724 	1200 
C0000200	2022-12-31	749588 	583181 	583181 	3864480 	337219 	326398 
C0000200	2021-12-31	584603 	282183 	282183 	2656736 	89960 	72364 
C0000200	2020-12-31	583923 	203947 	203947 	1698153 	-260565 	-274598 
C0000200	2019-12-31	540224 	287148 	287148 	1585365 	-7770 	-17984 
C0000200	2018-12-31	461302 	198817 	198817 	2053379 	17752 	3460 
C0000202	2022-12-31	403436 	143319 	143319 	4833852 	98624 	92200 
C0000202	2021-12-31	441193 	169449 	169449 	4837621 	98118 	92011 
C0000202	2020-12-31	320745 	34757 	34757 	2586675 	60433 	56832 
C0000202	2019-12-31	396768 	115254 	115254 	3417042 	57034 	57063 
C0000202	2018-12-31	346436 	257491 	257491 	3002863 	73034 	72069 
C0000206	2021-12-31	228713 	150000 	204867 	1528199 	48016 	54867 
C0000207	2024-12-31	958975 	20000 	626591 	6931169 	30572 	12134 
C0000207	2023-12-31	1058826 	20000 	614457 	8960352 	39910 	14938 
C0000207	2022-12-31	1075529 	20000 	599519 	12394584 	141623 	78083 
C0000207	2021-12-31	1028354 	20000 	521436 	13009616 	308021 	272677 
C0000207	2020-12-31	376057 	20000 	248758 	8406821 	192594 	185157 
C0000210	2024-12-31	16845802 	990000 	6162262 	33946879 	493330 	199904 
C0000210	2023-12-31	15165877 	990000 	5962358 	39698375 	1397050 	974436 
C0000210	2022-12-31	13728767 	990000 	4987921 	31264743 	617303 	300811 
C0000210	2021-12-31	11634327 	990000 	4687110 	24774371 	908461 	803679 
C0000210	2020-12-31	10583211 	990000 	3883431 	20406227 	473759 	430745 
C0000214	2024-12-31	3062513 	100000 	1364874 	6524795 	241042 	146967 
C0000214	2023-12-31	2870633 	100000 	1217907 	7383381 	161293 	125743 
C0000214	2022-12-31	2237426 	100000 	1092164 	6250314 	150715 	128504 
C0000214	2021-12-31	2926078 	100000 	969975 	5156155 	193822 	173160 
C0000214	2020-12-31	2475484 	100000 	796815 	3806065 	-80655 	-123560 
C0000215	2024-12-31	4806828 	300000 	1658550 	20064086 	112491 	42712 
C0000215	2023-12-31	4338081 	150000 	1480838 	24341979 	512585 	406046 
C0000215	2022-12-31	2861936 	150000 	1074792 	27687842 	848147 	695991 
C0000215	2021-12-31	2316267 	150000 	378802 	13460298 	102719 	105431 
C0000215	2020-12-31	1251509 	150000 	273371 	10227762 	34394 	40250 
C0000216	2023-12-31	2816739 	50000 	1957108 	29200389 	444402 	373841 
C0000216	2022-12-31	2092961 	50000 	1599268 	29330291 	309172 	251126 
C0000216	2021-12-31	1716070 	50000 	1348141 	28082627 	269374 	224654 
C0000216	2020-12-31	1180493 	50000 	1123487 	23183493 	253944 	218804 
C0000216	2019-12-31	1260903 	50000 	904683 	30496032 	377037 	296761 
C0000217	2023-12-31	315365 	50000 	137207 	9742686 	54464 	40929 
C0000217	2022-12-31	263490 	50000 	96278 	1379816 	47154 	46278 
C0000217	2021-12-31	292000 	69000 	69000 	1600000 	41000 	41000 
C0000220	2022-12-31	85015 	20000 	13809 	2241867 	-6192 	-6191 
C0000520	2024-12-31	5863839 	190000 	696699 	63265521 	430931 	171640 
C0000520	2023-12-31	3821461 	190000 	525060 	68620135 	169492 	217020 
C0000520	2022-12-31	4349729 	100000 	218039 	21557520 	-1347585 	-1483655 
C0000520	2021-12-31	2360681 	100000 	1701694 	15164036 	1790010 	1461376 
C0000520	2020-12-31	307277 	100000 	240318 	931027 	177545 	140318 
C0000521	2023-12-31	1218115 	50000 	665510 	26614078 	673975 	531028 
C0000521	2022-12-31	267728 	50000 	134483 	17002904 	117656 	84483 
C0000526	2022-12-31	2226656 	50000 	435389 	6328705 	102205 	72376 
C0000526	2021-12-31	962029 	50000 	363013 	5787282 	137684 	122341 
C0000526	2020-12-31	856649 	50000 	240672 	5750093 	138328 	129059 
C0000236	2017-12-31	395239 	100000 	145892 	1816163 	45381 	34421 
C0000236	2016-12-31	316481 	100000 	111470 	1263880 	13488 	11470 
C0000237	2023-12-31	124682 	100000 	97641 	161 	-2900 	-2359 
C0000239	2022-12-31	1042000 	200000 	595000 	4387000 	32000 	27000 
C0000239	2021-12-31	999000 	200000 	569000 	2969000 	1000 	-5000 
C0000239	2020-12-31	930092 	200000 	573698 	3021962 	79565 	74082 
C0000239	2019-12-31	1063079 	200000 	499616 	3087768 	90398 	81441 
C0000239	2018-12-31	792447 	200000 	418175 	2174573 	94265 	88544 
C0000245	2024-12-31	3117997 	300000 	943834 	6377243 	210545 	160718 
C0000245	2023-12-31	2608045 	300000 	783116 	9751290 	234282 	213499 
C0000245	2022-12-31	1907865 	300000 	569617 	8791274 	192640 	190527 
C0000245	2021-12-31	1222871 	100000 	179090 	6610452 	121514 	137067 
C0000245	2020-12-31	642359 	100000 	42024 	2466896 	-64417 	-57976 
C0000246	2024-12-31	574611 	50000 	76176 	3787733 	-36887 	-43046 
C0000246	2023-12-31	641564 	50000 	119222 	3845918 	26110 	12067 
C0000246	2022-12-31	538622 	50000 	107155 	4437631 	67024 	58521 
C0000246	2021-12-31	78424 	50000 	48633 	0 	-1367 	-1367 
C0000263	2024-12-31	807122 	100000 	439531 	3766393 	70009 	49741 
C0000263	2023-12-31	869837 	100000 	408790 	3773127 	10922 	-7031 
C0000263	2022-12-31	1022267 	100000 	430937 	2801483 	-35111 	-53051 
C0000263	2021-12-31	1145627 	100000 	503987 	4062070 	53591 	34939 
C0000263	2020-12-31	1153551 	100000 	489048 	4291764 	37433 	24839 
C0000510	2024-12-31	1234550 	100000 	624030 	49873189 	303455 	269707 
C0000510	2023-12-31	830090 	100000 	354323 	27384650 	298086 	254323 
C0000534	2023-12-31	891641 	78229 	-132720 	497142 	-126956 	-160050 
C0000534	2022-12-31	904429 	78230 	27331 	551780 	-191157 	-152299 
C0000534	2021-12-31	1061040 	78230 	179630 	1179989 	-30422 	0 
C0000534	2020-12-31	800136 	78229 	179629 	1178659 	-12999 	14528 
C0000534	2019-12-31	623893 	68030 	15604 	1256606 	2652 	5567 
C0000535	2022-12-31	222972 	22542 	22542 	1197747 	56463 	49214 
C0000535	2021-12-31	275978 	88428 	88428 	719470 	16151 	15116 
C0000537	2024-12-31	1497864 	30000 	438309 	15085055 	153221 	157162 
C0000537	2023-12-31	1560142 	30000 	281147 	15310482 	182336 	134630 
C0000537	2022-12-31	1299868 	30000 	146516 	6880688 	131130 	116516 
C0000539	2023-12-31	1241000 	100000 	532000 	16817000 	233000 	222000 
C0000539	2022-12-31	1321564 	100000 	310207 	17393720 	233735 	203682 
C0000539	2021-12-31	292302 	100000 	106525 	6870616 	7516 	6525 
C0000540	2024-09-30	89827774 	13000000 	28968248 	126677379 	10916909 	9262261 
C0000540	2023-09-30	79490613 	13000000 	19705987 	119936378 	5402391 	5898295 
C0000540	2022-09-30	80019065 	13000000 	13807693 	99786767 	3238539 	-2937851 
C0000540	2021-09-30	30765337 	2500000 	6295943 	74302634 	4467660 	3492988 
C0000540	2020-09-30	17796512 	2500000 	2802955 	18692676 	378674 	302955 
C0000543	2024-12-31	1650546 	150000 	1083101 	4033913 	175013 	172790 
C0000543	2023-12-31	1332977 	150000 	910311 	2755852 	138721 	140950 
C0000543	2022-12-31	1534352 	150000 	769361 	2694014 	352865 	324875 
C0000543	2021-12-31	1163684 	150000 	444486 	2363334 	14136 	30122 
C0000543	2020-12-31	1062066 	150000 	414364 	2221143 	26692 	28428 
C0000544	2024-12-31	10221400 	150000 	3259096 	10997473 	1027748 	757016 
C0000544	2023-12-31	9642320 	150000 	2652080 	10962298 	893188 	593472 
C0000544	2022-12-31	10360180 	150000 	2208460 	9847962 	211099 	42563 
C0000544	2021-12-31	10475650 	150000 	2171639 	8032017 	27961 	11682 
C0000544	2020-12-31	8526079 	150000 	2159957 	6812392 	158629 	7448 
C0000283	2024-12-31	1741261 	50000 	197830 	8815967 	158530 	109233 
C0000283	2023-12-31	511096 	20000 	58597 	4968736 	57762 	33358 
C0000283	2022-12-31	502035 	20000 	25239 	3140237 	14305 	5239 
C0000549	2023-12-31	377196 	100000 	127739 	3007957 	28941 	27739 
C0000316	2024-12-31	245494619 	11463975 	141872576 	201608447 	6719974 	3462399 
C0000316	2023-12-31	202765182 	11463974 	133932898 	143690502 	8990259 	7806836 
C0000316	2022-12-31	210044929 	11463975 	126126061 	135932684 	8531944 	4170530 
C0000316	2021-12-31	143535776 	9219875 	71981998 	115923312 	2871416 	1896682 
C0000316	2020-12-31	154276476 	9219875 	70085316 	140597386 	3667128 	-1197635 
C0000550	2024-12-31	3223456 	100000 	1728416 	21196420 	140447 	112662 
C0000550	2023-12-31	2520698 	100000 	1635754 	30713764 	247056 	97717 
C0000550	2022-12-31	2434081 	100000 	1558037 	19547364 	448823 	453837 
C0000550	2021-12-31	1369818 	100000 	1124199 	11814138 	180466 	147574 
C0000550	2020-12-31	2171827 	100000 	976625 	15953940 	243608 	185364 
C0000551	2021-12-31	2210203 	673180 	997258 	6064695 	208509 	209001 
C0000551	2020-12-31	2029649 	673180 	788258 	5268019 	131309 	133019 
C0000551	2019-12-31	2230295 	673180 	655239 	5013759 	50509 	58153 
C0000552	2024-12-31	3465204 	150000 	623424 	5534702 	253287 	173287 
C0000552	2023-12-31	1044744 	50000 	350137 	4202203 	100074 	86110 
C0000552	2022-12-31	814256 	50000 	264027 	2793747 	38725 	29721 
C0000552	2021-12-31	744676 	50000 	234305 	2880774 	72196 	56391 
C0000552	2020-12-31	590564 	50000 	177914 	2841661 	45900 	38718 
C0000319	2024-12-31	1898962 	100000 	429507 	3000813 	271815 	31759 
C0000319	2023-12-31	1864229 	100000 	397748 	7183243 	123490 	62949 
C0000319	2022-12-31	1498297 	100000 	334799 	9667712 	154838 	86776 
C0000319	2021-12-31	1719484 	100000 	248023 	9407441 	126551 	85148 
C0000319	2020-12-31	565758 	100000 	162876 	5870484 	58746 	46794 
C0000553	2024-12-31	5083177 	200000 	1870744 	48613751 	366124 	153107 
C0000553	2023-12-31	5019160 	200000 	1736637 	41476721 	303403 	117994 
C0000553	2022-12-31	4763717 	200000 	1637643 	43884559 	322611 	99565 
C0000553	2021-12-31	4205955 	200000 	1538078 	34179055 	462272 	343428 
C0000553	2020-12-31	3101381 	200000 	1213650 	28991975 	313613 	228746 
C0000554	2024-12-31	1956055 	100000 	762203 	15934606 	216236 	127481 
C0000554	2023-12-31	1710198 	100000 	634721 	19158400 	180290 	120951 
C0000554	2022-12-31	1246490 	100000 	513770 	20193302 	152925 	110836 
C0000554	2021-12-31	1116390 	100000 	402934 	17474783 	136515 	103977 
C0000554	2020-12-31	734009 	100000 	298957 	14720120 	100592 	74873 
C0000320	2024-06-30	2015721 	50000 	405631 	23004958 	147752 	97358 
C0000320	2023-06-30	1220164 	50000 	308273 	20764874 	134340 	101046 
C0000320	2022-06-30	1305711 	50000 	207226 	18838610 	68483 	53231 
C0000320	2021-06-30	1407859 	50000 	153996 	9232199 	80023 	65347 
C0000320	2020-06-30	965494 	50000 	84067 	8858705 	-61702 	-79873 
C0000556	2024-12-31	3234980 	100000 	857879 	33103041 	122449 	54614 
C0000556	2023-12-31	2775896 	100000 	808559 	36034928 	164745 	47510 
C0000556	2022-12-31	2667484 	100000 	915320 	49961071 	322501 	249043 
C0000556	2021-12-31	2329322 	100000 	698015 	39717726 	287108 	201264 
C0000556	2019-12-31	942393 	100000 	362884 	18359941 	115217 	92885 
C0000322	2024-12-31	9055671 	435000 	1875851 	8699915 	513984 	263952 
C0000322	2023-12-31	8851883 	435000 	1520914 	7393224 	433935 	184722 
C0000322	2022-12-31	9028688 	435000 	1336192 	7096288 	137073 	16692 
C0000322	2021-12-31	5892656 	435000 	1319499 	7337402 	319172 	36387 
C0000322	2020-12-31	5982062 	435000 	1283113 	8123440 	535534 	414470 
C0000557	2024-12-31	49881192 	452975 	16834376 	110262920 	3165039 	1563611 
C0000557	2023-12-31	43402763 	452975 	15186214 	66913697 	2692340 	3536484 
C0000557	2022-12-31	29376237 	44135896 	10754486 	55217025 	1188182 	-844054 
C0000557	2021-12-31	23594101 	42020877 	9037315 	31742258 	-480555 	-4337610 
C0000557	2020-12-31	19969328 	39147199 	10132801 	18997566 	-2256856 	-4670400 
C0000558	2024-12-31	3966532 	100000 	1078890 	43706361 	275589 	23299 
C0000558	2023-12-31	4130870 	100000 	1095591 	30217756 	398386 	239549 
C0000558	2022-12-31	3894267 	100000 	896042 	30624080 	618187 	472031 
C0000558	2021-12-31	2565714 	100000 	574012 	19875606 	331406 	268602 
C0000558	2020-12-31	1243455 	100000 	345409 	16220715 	259095 	182246 
C0000324	2024-12-31	358667529 	10000000 	52133399 	1965592429 	15849974 	8828060 
C0000324	2023-12-31	379144879 	10000000 	45706601 	1902959586 	17757817 	10304756 
C0000324	2022-12-31	330091487 	10000000 	38369314 	1804072625 	13221019 	7903333 
C0000324	2021-12-31	287911643 	5000000 	24678623 	1683417752 	2731860 	851748 
C0000324	2020-12-31	263096006 	5000000 	24843460 	1412370321 	6367321 	-1449079 
C0000560	2024-12-31	3402148 	150000 	1314163 	26181323 	271010 	199343 
C0000560	2023-12-31	2764105 	150000 	1114820 	17352859 	240518 	174775 
C0000560	2022-12-31	2305364 	150000 	940045 	17418066 	231599 	184193 
C0000560	2021-12-31	1902181 	150000 	755852 	16130652 	217764 	191282 
C0000560	2020-12-31	1228628 	150000 	564570 	11363387 	108000 	86594 
C0000561	2023-12-31	765829 	20000 	376222 	13593315 	292722 	269356 
C0000561	2022-12-31	457113 	20000 	106866 	11364432 	73915 	60926 
C0000561	2021-12-31	112794 	20000 	45940 	3136129 	26283 	25940 
C0000562	2024-12-31	10616425 	200000 	4060988 	42326986 	621795 	404391 
C0000562	2023-12-31	10910070 	200000 	4057083 	37678557 	578114 	326132 
C0000562	2022-12-31	10494718 	200000 	3654465 	31334749 	592481 	423384 
C0000562	2021-12-31	9283252 	200000 	3231081 	23802478 	391522 	302080 
C0000562	2020-12-31	8077619 	200000 	2110035 	17121019 	530927 	196547 
C0000337	2024-12-31	53232559 	3250000 	7629792 	21384887 	2538530 	981290 
C0000337	2023-12-31	55487005 	3250000 	6648502 	14604209 	2094744 	473947 
C0000337	2022-12-31	54134489 	3250000 	6174555 	8318146 	1372602 	376740 
C0000337	2021-12-31	48393360 	3250000 	5797815 	7605963 	570957 	291721 
C0000337	2020-12-31	23871643 	2250000 	4511900 	4576634 	339390 	803472 
C0000564	2024-12-31	339649 	50000 	54205 	3293212 	121459 	118837 
C0000564	2023-12-31	344642 	20000 	-94632 	1625037 	40595 	40891 
C0000564	2022-12-31	90908 	20000 	-135522 	1101694 	-45291 	-33191 
C0000564	2021-12-31	120469 	20000 	-102332 	1587992 	-26121 	-26476 
C0000564	2020-12-31	149501 	20000 	-75856 	1994801 	-22716 	-25023 
C0000566	2024-12-31	315757 	50000 	158 	336708 	-48937 	-49842 
C0000568	2024-12-31	17315312 	766670 	2697276 	59432333 	-1813030 	-3812072 
C0000568	2023-12-31	11169738 	766670 	6509347 	38093043 	-3685687 	-3660678 
C0000568	2022-12-31	14757042 	766670 	10170025 	35990924 	-3142980 	-3169403 
C0000568	2021-12-31	7370487 	683335 	3339228 	17599581 	-1539819 	-1589671 
C0000568	2020-12-31	1018081 	600000 	-71201 	1451080 	-669816 	-671201 
C0000342	2023-12-31	647980 	30000 	23794 	1180030 	-15739 	-59945 
C0000342	2022-12-31	901505 	30000 	83739 	599988 	51262 	40668 
C0000342	2021-12-31	190077 	30000 	43070 	209100 	17255 	15875 
C0000342	2020-12-31	57195 	30000 	27195 	0 	-2808 	-2805 
C0000345	2023-12-31	1321960 	1071544 	1071544 	3556269 	101012 	95995 
C0000345	2022-12-31	938295 	750948 	750948 	5395423 	129317 	124319 
C0000345	2021-12-31	742541 	650906 	650906 	4490200 	116560 	102571 
C0000345	2020-12-31	688003 	466550 	466550 	2890557 	104210 	98279 
C0000345	2009-12-31	529000 	118000 	118000 	3444000 	91000 	83000 
C0000348	2024-12-31	533478248 	37126020 	398636269 	44224713 	20271870 	9534828 
C0000348	2023-12-31	510417833 	37126020 	398494876 	45548478 	20799742 	19862923 
C0000348	2022-12-31	504098515 	37126020 	388406147 	30810812 	10344734 	24016617 
C0000348	2021-12-31	489025555 	37126020 	372459519 	27852062 	11859995 	3638897 
C0000348	2020-12-31	397945889 	37126020 	380712822 	25992221 	12405028 	2398407 
C0000350	2024-12-31	132160838 	13550000 	66909954 	152744703 	-18379538 	-17240725 
C0000350	2023-12-31	135349945 	13400000 	64158472 	218041173 	-20409580 	-18168441 
C0000350	2022-12-31	119844154 	13400000 	76370267 	342924721 	6743415 	3443654 
C0000350	2021-12-31	96052390 	13250000 	66466891 	227582114 	2015026 	1667675 
C0000350	2020-12-31	97864964 	13250000 	67757504 	243457069 	20483598 	15441834 
C0000353	2024-12-31	6015951 	100000 	5089229 	4712328 	-3153322 	-3076822 
C0000353	2023-12-31	4778716 	60000 	4184562 	2495973 	-1852024 	-1785466 
C0000354	2024-12-31	95772139 	4409770 	53567663 	89670026 	2288740 	2486709 
C0000354	2023-12-31	90653260 	4409770 	51338119 	78163488 	-916779 	-2452014 
C0000354	2022-12-31	87446422 	4409770 	53422658 	65342294 	-1145451 	-1981911 
C0000354	2021-12-31	85242522 	4409770 	54927494 	51194895 	696051 	698462 
C0000354	2020-12-31	81461494 	3709770 	47234073 	38894083 	-1352848 	-2174677 
C0000573	2023-12-31	456033 	100000 	100636 	6093185 	29766 	17046 
C0000573	2022-12-31	356447 	100000 	83589 	8915586 	40188 	34887 
C0000573	2021-12-31	216610 	100000 	48702 	7489987 	-23643 	-24491 
C0000573	2020-12-31	124288 	100000 	73194 	1048784 	-26721 	-26806 
C0000574	2023-12-31	475626 	20000 	39123 	14338166 	34492 	7272 
C0000574	2022-12-31	576053 	20000 	31851 	15552407 	27529 	7890 
C0000574	2021-12-31	575800 	20000 	23961 	14271807 	19795 	17476 
C0000574	2020-12-31	366379 	20000 	6485 	11033518 	-18809 	-27979 
C0000574	2019-12-31	356083 	20000 	34464 	11937154 	21870 	11871 
C0000370	2024-12-31	17934193 	842130 	8080953 	41940342 	2345265 	1824136 
C0000370	2023-12-31	14362415 	842130 	9918718 	47847469 	1217053 	1089136 
C0000370	2022-12-31	10046616 	842130 	8832028 	46417938 	1745926 	1505643 
C0000370	2021-12-31	8147285 	900000 	7673605 	44300270 	1481325 	1154628 
C0000370	2020-12-31	8621241 	900000 	6573698 	48775789 	1361556 	1123433 
C0000575	2024-12-31	2736816 	350000 	743553 	5330556 	245900 	80711 
C0000575	2023-12-31	2489309 	350000 	662842 	5106736 	202456 	76932 
C0000575	2022-12-31	2353194 	350000 	585911 	6647329 	178856 	59384 
C0000575	2021-12-31	2151765 	350000 	526527 	8327025 	167960 	102024 
C0000575	2020-12-31	2831013 	350000 	424503 	6281644 	88684 	45202 
C0000577	2024-12-31	2644565 	300000 	1023323 	25079076 	142250 	47036 
C0000577	2023-12-31	2675507 	300000 	976287 	21983451 	122098 	42140 
C0000577	2022-12-31	3095137 	300000 	934147 	24657103 	380533 	225215 
C0000577	2021-12-31	1409486 	300000 	708932 	24923018 	386709 	280660 
C0000577	2020-12-31	1207864 	300000 	428271 	24455601 	109944 	58212 
C0000578	2023-12-31	321146 	50000 	80927 	4638923 	51051 	48745 
C0000578	2022-12-31	104802 	50000 	32182 	5623769 	-29041 	-26383 
C0000578	2021-12-31	98094 	50000 	58565 	1177296 	9509 	8565 
C0000401	2024-12-31	8497074 	100000 	2040030 	37714362 	402321 	127775 
C0000401	2023-12-31	7030910 	100000 	1912255 	41508721 	338773 	143044 
C0000401	2022-12-31	6235750 	100000 	1769211 	42489118 	387804 	139751 
C0000401	2021-12-31	6578964 	100000 	1629460 	45822976 	460501 	330142 
C0000401	2020-12-31	5855158 	100000 	1299317 	35796611 	509552 	236317 
C0000579	2023-12-31	1255622 	50000 	399025 	4276147 	81961 	24538 
C0000579	2022-12-31	1321625 	50000 	374487 	4307780 	75591 	31542 
C0000579	2021-12-31	1276615 	50000 	342946 	4158938 	65371 	35880 
C0000579	2020-12-31	780663 	50000 	307066 	5358460 	75876 	62198 
C0000579	2019-12-31	422313 	50000 	244867 	5219489 	82136 	65166 
C0000404	2024-12-31	8631894 	50000 	3635298 	31464983 	444227 	183362 
C0000404	2023-12-31	7549196 	50000 	3451936 	38545521 	464520 	240608 
C0000404	2022-12-31	7302379 	50000 	3211328 	52945869 	409878 	220102 
C0000404	2021-12-31	5633580 	50000 	2991226 	53220975 	507065 	345995 
C0000404	2020-12-31	5166980 	50000 	2645232 	41756314 	464242 	323972 
C0000409	2023-12-31	730745 	50000 	149789 	11086656 	65591 	54098 
C0000409	2022-12-31	356351 	50000 	95691 	7685667 	45922 	45691 
C0000410	2023-12-31	1503346 	50000 	484555 	6667555 	173497 	147154 
C0000410	2022-12-31	1149493 	50000 	337401 	6689277 	178081 	155826 
C0000410	2021-12-31	755384 	50000 	181576 	3520022 	86643 	84262 
C0000410	2020-12-31	406827 	50000 	97313 	2573643 	50555 	51022 
C0000410	2019-12-31	50000 	50000 	46291 	0 	-3709 	-3709 
C0000585	2024-12-31	8814400 	100000 	2924397 	34420095 	716113 	282120 
C0000585	2023-12-31	7773164 	100000 	2642277 	33546176 	426331 	255624 
C0000585	2022-12-31	6021202 	100000 	2386652 	25784154 	384426 	275927 
C0000585	2021-12-31	4387991 	100000 	2110725 	43559856 	571330 	377982 
C0000585	2020-12-31	6809750 	100000 	1732743 	49517587 	420527 	220329 
C0000412	2023-12-31	1997828 	80000 	427171 	6341160 	179547 	109026 
C0000412	2022-12-31	1623110 	80000 	318145 	5924319 	148769 	98278 
C0000412	2021-12-31	1376734 	80000 	219867 	5532224 	101250 	91134 
C0000412	2020-12-31	649922 	80000 	127797 	3979964 	57259 	47797 
C0000413	2024-12-31	797484 	100000 	469785 	5354576 	35325 	25063 
C0000413	2023-12-31	549424 	100000 	444722 	4623569 	24928 	23097 
C0000413	2022-12-31	437055 	100000 	421625 	4372243 	26894 	33115 
C0000413	2021-12-31	467184 	100000 	388510 	3952910 	35779 	28388 
C0000413	2020-12-31	520411 	100000 	360122 	2864090 	18870 	27214 
C0000414	2024-12-31	2796681 	100000 	894695 	34213463 	171175 	77614 
C0000414	2023-12-31	2238314 	100000 	817081 	33312445 	200098 	123929 
C0000414	2022-12-31	2120300 	100000 	693152 	30246089 	84308 	18592 
C0000414	2021-12-31	1866627 	100000 	674560 	21643413 	287367 	223726 
C0000414	2020-12-31	1713724 	100000 	450834 	18664874 	85413 	30216 
C0000417	2024-12-31	450149 	50000 	85080 	1914534 	38705 	35080 
C0000418	2024-12-31	16144549 	550000 	1776909 	34369160 	-449687 	-520824 
C0000418	2023-12-31	17098085 	550000 	2297733 	39722637 	-1170411 	-1260174 
C0000418	2022-12-31	13664160 	550000 	3398375 	39679427 	146689 	112948 
C0000418	2021-12-31	12005651 	550000 	3285427 	29591582 	440852 	296172 
C0000418	2020-12-31	11315443 	550000 	2989255 	23543528 	210916 	115132 
C0000419	2024-12-31	5322955 	850000 	1935957 	5171745 	329043 	190101 
C0000419	2023-12-31	5573925 	850000 	1745856 	4559046 	327949 	161748 
C0000419	2022-12-31	5455307 	850000 	1584108 	3668620 	203071 	89512 
C0000419	2021-12-31	4933336 	850000 	1494596 	4063664 	91510 	25414 
C0000419	2020-12-31	5110759 	850000 	1469182 	3925253 	128949 	280498 
C0000420	2024-12-31	6895959 	230000 	2020226 	14608480 	289058 	93076 
C0000420	2023-12-31	6128011 	200000 	1897150 	13707106 	364804 	174819 
C0000420	2022-12-31	4350932 	200000 	1722331 	12149858 	311073 	206015 
C0000420	2021-12-31	3194012 	200000 	1516316 	9045456 	204626 	163227 
C0000420	2020-12-31	2654766 	200000 	1353089 	8008482 	184771 	136667 
C0000421	2024-12-31	4012812 	500000 	740827 	10957959 	137136 	49544 
C0000421	2023-12-31	3454376 	500000 	775593 	10479236 	258553 	181817 
C0000421	2022-12-31	2541084 	100000 	204174 	8732018 	111218 	120389 
C0000421	2021-12-31	1053533 	100000 	298468 	7401908 	130569 	136022 
C0000421	2020-12-31	605314 	100000 	204175 	5336490 	83546 	87044 
C0000593	2024-12-31	1968053 	100000 	693362 	5626936 	422356 	375508 
C0000593	2023-12-31	1632316 	100000 	317854 	4221493 	-54803 	-45740 
C0000593	2022-12-31	804700 	100000 	363594 	3581184 	88655 	80813 
C0000593	2021-12-31	444043 	100000 	282781 	2228832 	60191 	54455 
C0000593	2020-12-31	701950 	100000 	228326 	2956414 	62643 	57392 
C0000424	2022-12-31	47510 	43503 	43503 	1040214 	11351 	11351 
C0000424	2021-12-31	9668 	4915 	4915 	859965 	-462 	-382 
C0000424	2020-12-31	15921 	14985 	14985 	398800 	12160 	12585 
C0000595	2024-12-31	354607 	189999 	-53055 	401781 	-44297 	-55741 
C0000595	2023-12-31	356187 	190000 	2686 	279335 	-46171 	-55973 
C0000595	2022-12-31	301002 	190000 	58659 	348477 	-80698 	-90326 
C0000595	2021-12-31	222066 	5000 	-34295 	21287 	-39042 	-39295 
C0000425	2024-12-31	4440781 	50000 	1679899 	13356911 	274718 	182532 
C0000425	2023-12-31	3643843 	50000 	1517367 	17790487 	361324 	257804 
C0000425	2022-12-31	2948763 	50000 	1279564 	20585791 	205420 	144835 
C0000425	2021-12-31	2602943 	50000 	1154729 	23438774 	457103 	359251 
C0000425	2020-12-31	1965269 	50000 	815478 	21061285 	249569 	200500 
C0000427	2021-12-31	336949 	120112 	120112 	2421316 	74112 	49213 
C0000427	2020-12-31	212103 	212095 	212095 	1498967 	51946 	41946 
C0000427	2019-12-31	150728 	150649 	150649 	1456567 	68860 	56860 
C0000429	2023-12-31	6548 	6548 	6548 	277272 	-452 	-452 
C0000597	2024-12-31	1472299 	100000 	115484 	6092402 	21165 	15484 
C0000597	2022-12-31	901713 	3004 	3004 	1164688 	-51000 	-51000 
C0000430	2023-12-31	219053 	10000 	46724 	1948422 	58682 	55471 
C0000430	2022-12-31	108964 	10000 	-8747 	923391 	-4988 	-1882 
C0000430	2021-12-31	127052 	10000 	-6865 	153202 	-17236 	-15229 
C0000430	2020-12-31	11647 	10000 	8364 	4500 	-1636 	-1636 
C0000432	2024-12-31	4489127 	267000 	2954329 	16285849 	140198 	64470 
C0000432	2023-12-31	4874985 	267000 	2858860 	21147862 	140891 	121691 
C0000432	2022-12-31	4977374 	267000 	2737169 	31521753 	-3467 	-199727 
C0000432	2021-12-31	6496625 	267000 	2226896 	39306597 	89655 	24326 
C0000432	2020-12-31	5157317 	267000 	2202570 	32670780 	-446525 	-512700 
C0000600	2024-12-31	2661933 	100000 	1403384 	58698415 	114303 	79918 
C0000600	2023-12-31	2481004 	100000 	1323466 	46568888 	1341010 	1157571 
C0000600	2022-12-31	2549249 	100000 	165894 	18540007 	71570 	65894 
C0000435	2024-06-30	596520 	10000 	141317 	26531037 	39250 	36272 
C0000435	2023-06-30	640299 	10000 	105046 	24623829 	85531 	79171 
C0000435	2022-06-30	575692 	10000 	25875 	25144457 	-20091 	-19102 
C0000437	2024-12-31	24443298 	100000 	19560665 	121594927 	2679518 	2067445 
C0000437	2023-12-31	23181422 	100000 	17693219 	100773616 	4321432 	3349640 
C0000437	2022-12-31	19786636 	100000 	14343579 	94404977 	1769142 	1292669 
C0000437	2021-12-31	17556088 	100000 	13050910 	84750842 	6488701 	5120677 
C0000437	2020-12-31	12908520 	100000 	7930234 	80484670 	2435162 	1886048 
C0000602	2024-12-31	2997373 	100000 	1565888 	27222675 	325005 	229869 
C0000602	2023-12-31	2401379 	100000 	1351019 	31179582 	345429 	300261 
C0000602	2022-12-31	2109104 	100000 	1050758 	30063737 	330177 	281924 
C0000602	2021-12-31	1427726 	33000 	701834 	29329259 	386513 	335621 
C0000602	2020-12-31	843922 	33000 	366212 	15084484 	288620 	246282 
C0000438	2024-12-31	798273 	200000 	256474 	17651815 	57088 	35179 
C0000438	2023-12-31	913531 	200000 	221296 	9322802 	37570 	21296 
C0000443	2024-12-31	2990923 	150000 	973080 	13607702 	277132 	83918 
C0000443	2023-12-31	5088063 	150000 	889162 	14294513 	363918 	126777 
C0000443	2022-12-31	3539391 	150000 	762385 	18239757 	232018 	189763 
C0000443	2021-12-31	3329811 	150000 	572622 	21154369 	395690 	284651 
C0000443	2020-12-31	911091 	150000 	287971 	7699089 	149339 	137971 
C0000444	2023-12-31	477313 	64983 	64983 	3704198 	99885 	74454 
C0000444	2022-12-31	641529 	294529 	294529 	3536147 	48526 	36115 
C0000444	2021-12-31	83513 	84414 	84414 	1973554 	-4449 	-4449 
C0000444	2020-12-31	414546 	412863 	412863 	2317940 	12943 	12943 
C0000444	2019-12-31	201919 	201919 	201919 	472182 	-5081 	-5081 
C0000612	2024-12-31	708020 	20000 	175100 	4938897 	58930 	39657 
C0000612	2023-12-31	343149 	20000 	135443 	3226708 	119131 	119603 
C0000612	2022-12-31	89966 	20000 	15840 	248850 	-4160 	-4160 
C0000445	2023-12-31	403778 	20000 	189065 	4060170 	100910 	89375 
C0000445	2022-12-31	101591 	20000 	99691 	3702463 	79363 	79691 
C0000616	2024-12-31	20818363 	300000 	8711401 	53954541 	472457 	456838 
C0000616	2023-12-31	17844048 	300000 	8254563 	49276173 	-1648477 	-1490862 
C0000616	2022-12-31	17654945 	300000 	9765425 	42808643 	-320326 	486237 
C0000616	2021-12-31	18620132 	300000 	9299188 	39798273 	162112 	193914 
C0000616	2020-12-31	15400083 	300000 	9125274 	35949348 	581680 	480411 
C0000617	2023-12-31	1043376 	626073 	626073 	3058180 	206526 	205505 
C0000617	2022-12-31	595412 	448904 	448904 	2478242 	185115 	195318 
C0000617	2021-12-31	381308 	253586 	253586 	1619266 	129333 	129477 
C0000617	2020-12-31	257144 	124109 	124109 	1047338 	103323 	103240 
C0000617	2019-12-31	52683 	52683 	52683 	134411 	6483 	6483 
C0000447	2024-12-31	1122453 	50000 	120765 	1450849 	65177 	21597 
C0000447	2023-12-31	1043940 	50000 	99168 	1437335 	44221 	9819 
C0000447	2022-12-31	608760 	50000 	89349 	1606723 	34754 	17525 
C0000447	2021-12-31	433410 	50000 	71824 	1932427 	30574 	9445 
C0000447	2020-12-31	283675 	50000 	62378 	982832 	17855 	12378 
C0000618	2024-12-31	8061065 	167000 	2026356 	18525814 	525377 	349033 
C0000618	2023-12-31	4515756 	157500 	1013661 	11081635 	244802 	170424 
C0000618	2022-12-31	2756193 	52500 	844273 	8123931 	189252 	103197 
C0000618	2021-12-31	1629295 	52500 	741076 	3183447 	24188 	59290 
C0000618	2020-12-31	464942 	50000 	231785 	831667 	200685 	181785 
C0000621	2022-12-31	631717 	50000 	100087 	6985364 	32030 	30482 
C0000621	2021-12-31	477874 	50000 	69606 	4136891 	18505 	16899 
C0000621	2020-12-31	354353 	50000 	52707 	1638354 	3707 	2707 
C0000450	2024-12-31	2808434 	370000 	569119 	17139968 	195215 	75734 
C0000450	2023-12-31	2091322 	370000 	493385 	13785229 	104411 	50310 
C0000450	2022-12-31	2027210 	370000 	443075 	15652702 	213813 	235121 
C0000450	2021-12-31	2170672 	370000 	207955 	14803831 	216479 	203397 
C0000450	2020-12-31	2104927 	370000 	4558 	10748869 	208687 	268781 
C0000623	2024-12-31	48365275 	603300 	25224471 	69588461 	3182542 	2263160 
C0000623	2023-12-31	49632117 	603300 	24481083 	66488198 	3169939 	2043713 
C0000623	2022-12-31	48229683 	603300 	23667378 	57389444 	1660067 	1144932 
C0000623	2021-12-31	41229750 	600000 	19572894 	47787014 	3750940 	3300059 
C0000623	2020-12-31	34240873 	600000 	16272836 	46659131 	2766776 	2321667 
C0000624	2024-12-31	3983330 	660000 	982100 	3888591 	270372 	107527 
C0000624	2023-12-31	3576452 	660000 	874573 	4119960 	208150 	75529 
C0000624	2022-12-31	3319033 	160000 	799044 	2210718 	78153 	115957 
C0000624	2021-12-31	785875 	160000 	183087 	1493407 	44863 	30775 
C0000624	2020-12-31	457054 	160000 	152312 	1641033 	-32464 	19510 
C0000620	2024-12-31	4169673 	200000 	1880309 	7522336 	285985 	244774 
C0000620	2023-12-31	3861697 	200000 	1635535 	6080150 	13693 	63266 
C0000620	2022-12-31	3771263 	200000 	1592470 	5677729 	124653 	66634 
C0000620	2021-12-31	3678681 	200000 	1525836 	5376697 	-487915 	1172714 
C0000620	2020-12-31	6671776 	200000 	353122 	4471555 	-755611 	-1006123 
C0000619	2024-12-31	3338214 	261000 	661822 	4587443 	209183 	120644 
C0000619	2023-12-31	1143930 	161000 	441178 	5337514 	179292 	163683 
C0000619	2022-12-31	342398 	1000 	117495 	3608733 	122218 	116495 
C0000439	2024-12-31	155071428 	4000000 	26730262 	436424431 	18286984 	779655 
C0000439	2023-12-31	105743210 	4000000 	26095332 	304616542 	12777833 	9160309 
C0000439	2022-12-31	83453830 	4000000 	17005807 	213906027 	11365726 	5881893 
C0000439	2021-12-31	45208338 	4000000 	11155009 	112821289 	5159483 	2338885 
C0000439	2020-12-31	25290601 	4000000 	8831552 	59343694 	1239153 	1162087 
C0000053	2024-12-31	18489063 	100000 	3970302 	53812967 	245039 	589202 
C0000053	2023-12-31	18303199 	100000 	3132538 	59204436 	1178161 	590266 
C0000053	2022-12-31	22849345 	100000 	2542272 	58896934 	1892398 	626110 
C0000053	2021-12-31	19000995 	100000 	1916163 	38693191 	1398701 	894232 
C0000053	2020-12-31	5190974 	100000 	973659 	33939235 	738638 	702936 
C0000137	2024-12-31	13766166 	995000 	5702460 	41576537 	1233989 	922876 
C0000137	2023-12-31	13662915 	995000 	4779584 	42143271 	2550026 	2193398 
C0000137	2022-12-31	15089946 	994999 	2586185 	46084768 	2365453 	2147963 
C0000137	2021-12-31	13651208 	994999 	438222 	26399940 	-306777 	-339845 
C0000137	2020-12-31	12364714 	500000 	781002 	15542852 	150735 	-9564 
C0000194	2024-12-31	15698490 	2099999 	4328194 	10319983 	1139887 	542010 
C0000194	2023-12-31	15717708 	2099999 	3786184 	5882195 	-1038065 	-1635748 
C0000194	2022-12-31	17176050 	2099999 	5421932 	5933557 	673259 	72103 
C0000194	2021-12-31	13765176 	950000 	2433350 	5289451 	352901 	135972 
C0000194	2020-12-31	5126748 	750000 	2117547 	4786044 	114015 	133085 
C0000536	2024-12-31	11045745 	200000 	1889234 	19644930 	98391 	-86758 
C0000536	2023-12-31	10686928 	200000 	1975992 	18421845 	75126 	254870 
C0000536	2022-12-31	9450936 	199999 	1025073 	18157790 	117072 	-97510 
C0000536	2021-12-31	9726116 	200000 	1166451 	18611915 	515681 	402808 
C0000536	2020-12-31	10268370 	199999 	2368963 	16389744 	-269392 	-850434 
C0000230	2024-12-31	102095046 	2239599 	51974898 	144936195 	7405814 	6790946 
C0000230	2023-12-31	96320935 	2239600 	45183953 	165618515 	14481900 	12744413 
C0000230	2022-12-31	76673707 	2239600 	32439540 	174592036 	12642337 	12314934 
C0000230	2021-12-31	72526607 	2239600 	20124606 	145015927 	4746873 	4574039 
C0000230	2020-12-31	68247885 	2239600 	15550567 	107297629 	2454758 	1452708 
C0000274	2024-12-31	10221400 	150000 	3259096 	10997473 	1027748 	757016 
C0000274	2023-12-31	9642320 	150000 	2652080 	10962298 	893188 	593472 
C0000274	2022-12-31	10360180 	150000 	2208460 	9847962 	211099 	42563 
C0000274	2021-12-31	10475650 	150000 	2171639 	8032017 	27961 	11682 
C0000274	2020-12-31	8526079 	150000 	2159957 	6812392 	158629 	7448 
C0000660	2024-12-31	128580 	40000 	115905 	250429 	-2886 	-26904 
C0000660	2023-12-31	169017 	40000 	142809 	349662 	47152 	12680 
C0000660	2022-12-31	153854 	40000 	130129 	354426 	78760 	78900 
C0000660	2021-12-31	80742 	40000 	71229 	375080 	71277 	66926 
C0000660	2020-12-31	17000 	40000 	4303 	49759 	-34846 	-35697 
C0000675	2024-12-31	4552241 	644485 	1422938 	5154560 	134195 	8173 
C0000675	2023-12-31	4242149 	644484 	1414765 	4314429 	150970 	4356 
C0000675	2022-12-31	4294334 	644484 	1410409 	3911801 	128214 	23386 
C0000675	2021-12-31	4391195 	644485 	1387024 	4399112 	102375 	40066 
C0000675	2020-12-31	4650324 	644484 	1346957 	4662210 	48548 	-39047 
C0000670	2024-12-31	443089 	-323151 	-323151 	3292575 	130378 	105437 
C0000670	2023-12-31	333381 	-144766 	-144766 	2538473 	138032 	112616 
C0000670	2022-12-31	289258 	-212193 	-212193 	1726672 	62578 	106055 
C0000670	2021-12-31	1406206 	-140119 	-140119 	2324376 	94453 	61235 
C0000670	2020-12-31	1706121 	159454 	159454 	2328360 	97188 	63739 
C0000741	2024-12-31	146268 	20000 	24391 	603162 	15324 	14359 
C0000741	2023-12-31	40070 	20000 	10031 	6433 	-9969 	-9969 
C0000777	2024-12-31	622496 	172000 	231990 	6492115 	82826 	63259 
C0000777	2023-12-31	365176 	172000 	168730 	5430004 	110684 	95889 
C0000777	2022-12-31	291642 	172000 	72841 	4261555 	83312 	72423 
C0000777	2021-12-31	231296 	50000 	-121582 	4106682 	56073 	42059 
C0000777	2020-12-31	197484 	50000 	-163641 	3661118 	-313932 	-322693 
C0000703	2024-12-31	2283047 	50000 	256593 	21826919 	-587550 	-662505 
C0000703	2023-12-31	2244407 	50000 	983598 	18092996 	254801 	270768 
C0000703	2022-12-31	1720177 	50000 	752831 	12995389 	384926 	391794 
C0000703	2021-12-31	1010972 	50000 	361037 	7652973 	155629 	196862 
C0000703	2020-12-31	525994 	10000 	124175 	3368694 	86721 	92000 
C0000776	2023-12-31	2003986 	50000 	552174 	26966155 	169688 	126087 
C0000776	2022-12-31	1945779 	50000 	426087 	22602094 	127563 	106779 
C0000776	2021-12-31	1259976 	50000 	319308 	9738350 	507123 	453621 
C0000776	2020-12-31	1160505 	50000 	-134313 	3137858 	63802 	35149 
C0000776	2019-12-31	883402 	50000 	-169462 	2136788 	39155 	28548 
C0000778	2024-12-31	186849953 	25793045 	73533322 	436033818 	10723206 	8046217 
C0000778	2023-12-31	162251745 	25793045 	59400770 	406593629 	11642662 	7181562 
C0000778	2022-12-31	180798064 	25793045 	56165529 	427743914 	13977736 	15595091 
C0000778	2021-12-31	169453661 	25793045 	35826247 	377251924 	10137457 	-3176968 
C0000778	2020-12-31	161920081 	25793045 	48665913 	308758381 	14611554 	14440652 
C0000709	2023-12-31	1612838 	50000 	902037 	28638625 	332199 	263104 
C0000709	2022-12-31	1447625 	50000 	638933 	21122977 	308641 	252275 
C0000709	2021-12-31	1032355 	50000 	386658 	19909536 	249732 	230048 
C0000709	2020-12-31	216127 	50000 	156610 	7915006 	106805 	106610 
C0000687	2024-12-31	2972409 	498000 	754036 	4042459 	310764 	115640 
C0000687	2023-12-31	3721377 	498000 	638396 	3480701 	270873 	103777 
C0000687	2022-12-31	3508369 	498000 	534619 	1887396 	100369 	60265 
C0000687	2021-12-31	2819589 	50000 	26354 	865878 	15285 	10784 
C0000687	2020-12-31	1221989 	50000 	15570 	780885 	21273 	5440 
